<?xml version="1.0" encoding="UTF-8"?>
<beans:beans xmlns="http://www.springframework.org/schema/security"
	xmlns:beans="http://www.springframework.org/schema/beans" 
	xmlns:xsi="http://www.w3.org/2001/XMLSchema-instance"
	xsi:schemaLocation="http://www.springframework.org/schema/beans
	http://www.springframework.org/schema/beans/spring-beans-3.1.xsd
	http://www.springframework.org/schema/security
	http://www.springframework.org/schema/security/spring-security-3.1.xsd">
	
	<beans:import resource="dispatcher-servlet.xml"/>
	
	<http auto-config="true">
	<intercept-url pattern="/login" access="IS_AUTHENTICATED_ANONYMOUSLY"/>
	<intercept-url pattern="/failure" access="IS_AUTHENTICATED_ANONYMOUSLY"/>
	<intercept-url pattern="/logout" access="IS_AUTHENTICATED_ANONYMOUSLY"/>
	<intercept-url pattern="/*" access="ROLE_ADMIN,ROLE_USER"/> 
	<intercept-url pattern="/User" access="ROLE_ADMIN"/>
	<intercept-url pattern="/adduser" access="ROLE_ADMIN"/>
	<intercept-url pattern="/newUser" access="ROLE_ADMIN"/>
	<intercept-url pattern="/deleteUser" access="ROLE_ADMIN"/>
	<intercept-url pattern="/deleteUser" access="ROLE_ADMIN"/> 
	<intercept-url pattern="/viewallUser" access="ROLE_ADMIN"/>
	<intercept-url pattern="/LogOutUser" access="ROLE_ADMIN"/>
	<intercept-url pattern="/**" access="ROLE_USER"/>
	
	<access-denied-handler error-page="/errorpage"/>
	
		<form-login login-page="/login" authentication-failure-url="/failure" default-target-url="/defaultPage" always-use-default-target="true"/>
		<logout logout-success-url="/login"/>
	</http>
	
	
	
	<beans:bean id="pwdEncoder" class="org.springframework.security.crypto.bcrypt.BCryptPasswordEncoder"/>
	
	<authentication-manager>
		<authentication-provider>
			<password-encoder ref="pwdEncoder"/>
			<!-- <jdbc-user-service data-source-ref="ds" users-by-username-query="select username,password,enabled from users_deepak where username=?" authorities-by-username-query="select username,authority from authorities_deepak where username=?"/> -->
	
		<jdbc-user-service data-source-ref="ds" 
			users-by-username-query="select username,password,enabled from User153 where username=?"
			authorities-by-username-query="select User153.username,Role153.role from Role153 inner join User153 on User153.Role_id=Role153.id where username=?"
	/>
	
		</authentication-provider>
	</authentication-manager>
</beans:beans>